current_price,num_bids,time_left_sec,max_bid,bid_successful
311.6,52.99,500989.968,1000,0
311.6,50.99,500787.9648,1000,0
311.6,101.99,500736.9888,1000,0
311.6,57.0,457191.0432,1000,0
311.6,144.48,337848.9696,1000,0
311.6,170.0,242959.99680000002,1000,0
311.6,189.0,151562.01600000003,1000,0
311.6,298.48,98234.98560000001,1000,0
311.6,200.0,57471.98400000001,1000,0
311.6,250.0,38984.02559999998,1000,0
311.6,306.6,31628.01599999999,1000,0
311.6,311.6,229.996799999995,1000,0
139.3,10.0,545812.0416,1000,0
139.3,11.0,538987.9968,1000,0
139.3,11.0,436210.01279999997,1000,0
139.3,13.37,436173.0336,1000,0
139.3,21.0,422358.01920000004,1000,0
139.3,15.0,394318.0224,1000,0
139.3,18.0,394292.9664,1000,0
139.3,20.0,394273.95840000006,1000,0
139.3,25.0,394224.9696,1000,0
139.3,35.0,381618.0,1000,0
139.3,30.0,330446.9952,1000,0
139.3,40.0,330338.9952,1000,0
139.3,37.5,317971.008,1000,0
139.3,75.0,281113.9776,1000,0
139.3,42.0,186531.98399999997,1000,0
139.3,45.0,186526.0224,1000,0
139.3,82.5,101222.0064,1000,0
139.3,99.0,79498.97279999999,1000,0
139.3,85.0,15557.011199999984,1000,0
139.3,87.0,15545.001599999994,1000,0
139.3,89.0,15536.015999999967,1000,0
139.3,95.0,15527.030400000016,1000,0
139.3,100.0,15518.995199999967,1000,0
139.3,110.0,5424.019199999981,1000,0
139.3,118.5,2929.996799999995,1000,0
139.3,127.75,2896.041600000007,1000,0
139.3,115.0,2227.9968000000194,1000,0
139.3,125.0,2208.038399999992,1000,0
139.3,136.8,1682.0351999999843,1000,0
139.3,130.0,1306.9727999999714,1000,0
139.3,139.3,19.007999999971048,1000,0
161.0,55.0,84581.02079999998,1000,0
161.0,51.0,53667.964800000016,1000,0
161.0,54.0,53634.96000000001,1000,0
161.0,59.66,43222.03200000001,1000,0
161.0,57.0,29870.035199999977,1000,0
161.0,60.0,29844.028800000026,1000,0
161.0,65.0,24740.985600000018,1000,0
161.0,65.0,22962.95999999997,1000,0
161.0,80.0,22805.971199999974,1000,0
161.0,67.0,19673.97119999998,1000,0
161.0,69.01,18797.01120000003,1000,0
161.0,71.01,17969.040000000023,1000,0
161.0,73.01,17959.017600000003,1000,0
161.0,80.0,17165.001599999978,1000,0
161.0,85.0,11590.991999999984,1000,0
161.0,100.0,10460.01599999998,1000,0
161.0,90.0,7878.038399999977,1000,0
161.0,99.0,7863.004800000024,1000,0
161.0,120.0,7847.9711999999945,1000,0
161.0,115.0,5427.993599999999,1000,0
161.0,140.0,4957.02720000001,1000,0
161.0,141.0,4217.011200000016,1000,0
161.0,130.0,2724.9696000000367,1000,0
161.0,140.0,2703.023999999962,1000,0
161.0,150.0,2686.003199999962,1000,0
161.0,150.0,1762.9920000000197,1000,0
161.0,160.0,1754.0063999999916,1000,0
161.0,161.0,1736.9855999999913,1000,0
61.0,15.0,527937.0048,1000,0
61.0,1.25,516271.968,1000,0
61.0,2.0,516243.02400000003,1000,0
61.0,5.0,422210.96640000003,1000,0
61.0,7.51,390742.9632,1000,0
61.0,30.0,352001.9808,1000,0
61.0,20.0,269829.96479999996,1000,0
61.0,25.0,269811.9936,1000,0
61.0,30.0,269794.02239999996,1000,0
61.0,31.0,269635.9968,1000,0
61.0,35.0,64880.00639999998,1000,0
61.0,40.0,27482.97599999998,1000,0
61.0,44.0,26015.990399999973,1000,0
61.0,43.0,16717.01759999998,1000,0
61.0,45.0,16687.03680000001,1000,0
61.0,46.0,501.9840000000272,1000,0
61.0,48.0,282.9600000000312,1000,0
61.0,50.0,243.99360000003298,1000,0
61.0,51.0,188.00640000003455,1000,0
61.0,52.0,123.03360000000794,1000,0
61.0,53.0,81.04319999997074,1000,0
61.0,56.0,71.02080000002786,1000,0
61.0,55.0,59.9616000000168,1000,0
61.0,61.0,48.98880000001782,1000,0
61.0,58.0,33.00480000000903,1000,0
61.0,60.0,20.9952000000186,1000,0
61.0,61.0,19.007999999971048,1000,0
167.5,50.0,226679.03999999998,1000,0
167.5,100.0,226660.98239999998,1000,0
167.5,51.0,77009.96160000001,1000,0
167.5,95.0,71149.96800000002,1000,0
167.5,125.0,18377.02080000003,1000,0
167.5,105.0,5145.033599999968,1000,0
167.5,110.0,1836.0000000000184,1000,0
167.5,115.0,1543.0175999999676,1000,0
167.5,120.0,447.9839999999996,1000,0
167.5,167.5,193.01759999996762,1000,0
167.5,130.0,127.0080000000263,1000,0
167.5,135.0,111.02400000001751,1000,0
167.5,140.0,95.04000000000872,1000,0
167.5,145.0,76.03200000003767,1000,0
167.5,150.0,59.9616000000168,1000,0
167.5,167.5,55.03680000001907,1000,0
167.5,155.0,43.97760000000801,1000,0
167.5,160.0,27.04320000001985,1000,0
167.5,165.0,10.022400000019616,1000,0
100.0,75.0,21279.024000000027,1000,0
100.0,100.0,4422.98880000003,1000,0
100.0,80.0,3482.0064000000316,1000,0
100.0,88.88,2412.979200000015,1000,0
100.0,95.0,15.033600000029423,1000,0
100.0,100.0,6.99839999998062,1000,0
126.0,30.0,604145.0016,1000,0
126.0,25.0,592449.0336,1000,0
126.0,30.0,592440.9984,1000,0
126.0,31.5,592423.9776,1000,0
126.0,50.0,436393.008,1000,0
126.0,33.5,421417.98720000003,1000,0
126.0,40.0,421407.96479999996,1000,0
126.0,45.0,421396.99199999997,1000,0
126.0,50.0,421388.0064,1000,0
126.0,55.0,421381.00800000003,1000,0
126.0,60.0,253411.9776,1000,0
126.0,60.0,188968.98239999995,1000,0
126.0,63.0,188926.04160000003,1000,0
126.0,62.0,32849.97119999997,1000,0
126.0,75.0,32833.03679999998,1000,0
126.0,70.0,23359.017600000003,1000,0
126.0,80.0,23350.031999999974,1000,0
126.0,82.0,15168.038400000023,1000,0
126.0,125.0,4598.985599999997,1000,0
126.0,90.0,4133.9807999999975,1000,0
126.0,101.0,4121.971200000007,1000,0
126.0,106.0,1052.9567999999954,1000,0
126.0,111.0,1034.985600000016,1000,0
126.0,116.0,1017.0144000000363,1000,0
126.0,121.0,895.0176000000198,1000,0
126.0,126.0,881.0207999999818,1000,0
306.0,20.0,604364.976,1000,0
306.0,20.0,523587.02400000003,1000,0
306.0,20.5,523575.9648,1000,0
306.0,30.0,499480.99199999997,1000,0
306.0,31.0,499430.96640000003,1000,0
306.0,25.0,444033.0144,1000,0
306.0,30.0,444017.98079999996,1000,0
306.0,35.0,444003.0336,1000,0
306.0,40.0,443993.0112,1000,0
306.0,60.0,443986.0128,1000,0
306.0,70.0,443977.0272,1000,0
306.0,75.0,443589.0048,1000,0
306.0,76.0,442019.03040000005,1000,0
306.0,75.0,414878.976,1000,0
306.0,85.0,346622.97599999997,1000,0
306.0,90.0,346606.992,1000,0
306.0,95.0,346592.9952,1000,0
306.0,80.0,95292.02879999997,1000,0
306.0,82.0,95275.00799999997,1000,0
306.0,90.0,95256.0,1000,0
306.0,92.0,95236.99200000003,1000,0
306.0,100.0,95219.02079999997,1000,0
306.0,100.0,84966.0192,1000,0
306.0,110.0,84942.00000000001,1000,0
306.0,115.0,79446.00960000003,1000,0
306.0,120.0,77218.01280000001,1000,0
306.0,120.0,71123.01120000002,1000,0
306.0,130.0,71090.00640000001,1000,0
306.0,135.0,71077.99680000002,1000,0
306.0,130.0,64930.982399999964,1000,0
306.0,135.0,51655.01759999998,1000,0
306.0,145.0,51634.02240000003,1000,0
306.0,140.0,50463.04320000004,1000,0
306.0,200.0,46417.96800000004,1000,0
306.0,306.0,12320.035199999978,1000,0
306.0,218.0,8230.031999999988,1000,0
306.0,225.0,8214.998400000037,1000,0
306.0,238.0,1792.0224000000103,1000,0
306.0,243.0,1773.9648000000188,1000,0
306.0,268.0,88.99200000000747,1000,0
306.0,285.0,50.97599999998863,1000,0
306.0,301.0,27.04320000001985,1000,0
167.5,101.5,256092.01919999998,1000,0
167.5,101.69,20042.985599999993,1000,0
167.5,104.2,7798.031999999997,1000,0
167.5,106.51,7607.001600000001,1000,0
167.5,150.0,7338.038400000008,1000,0
167.5,150.0,5584.0320000000165,1000,0
167.5,167.5,5572.972800000005,1000,0
167.5,160.0,1607.9903999999942,1000,0
167.5,165.0,1595.980800000004,1000,0
132.5,5.0,578442.9888,1000,0
132.5,10.0,551211.0048,1000,0
132.5,5.5,520558.96320000006,1000,0
132.5,7.0,520554.0384,1000,0
132.5,20.0,428371.0272,1000,0
132.5,20.0,413098.9632,1000,0
132.5,30.0,413035.02719999995,1000,0
132.5,50.01,360072.00000000006,1000,0
132.5,21.0,318258.9792,1000,0
132.5,50.01,262131.984,1000,0
132.5,51.01,258278.02559999996,1000,0
132.5,80.01,247631.9904,1000,0
132.5,80.0,103366.02240000002,1000,0
132.5,90.0,28602.028800000004,1000,0
132.5,100.0,11143.007999999983,1000,0
132.5,125.0,6845.990399999988,1000,0
132.5,92.0,6380.035200000009,1000,0
132.5,95.0,6253.027199999982,1000,0
132.5,98.0,6239.0304000000215,1000,0
132.5,100.0,6227.020800000031,1000,0
132.5,105.0,6192.028799999975,1000,0
132.5,130.0,5654.966400000032,1000,0
132.5,115.0,1846.022400000038,1000,0
132.5,120.0,1832.0256,1000,0
132.5,130.0,1823.0399999999718,1000,0
132.5,132.5,1708.0416000000127,1000,0
152.5,85.0,539984.9663999999,1000,0
152.5,82.0,354137.96160000004,1000,0
152.5,90.0,76422.00960000002,1000,0
152.5,110.0,74445.00480000001,1000,0
152.5,87.0,19053.964800000034,1000,0
152.5,90.0,19037.03039999997,1000,0
152.5,95.0,6457.968000000005,1000,0
152.5,100.0,6385.996799999998,1000,0
152.5,107.0,6276.960000000028,1000,0
152.5,112.0,6248.966400000028,1000,0
152.5,120.0,3729.0240000000267,1000,0
152.5,117.0,3445.027200000004,1000,0
152.5,122.0,3388.003200000014,1000,0
152.5,130.0,3264.019200000027,1000,0
152.5,150.0,40.00319999998965,1000,0
152.5,140.0,26.006400000028407,1000,0
152.5,150.0,19.007999999971048,1000,0
152.5,152.5,12.959999999969796,1000,0
142.5,9.99,531549.0432,1000,0
142.5,14.97,459273.9744,1000,0
142.5,15.0,450107.0208,1000,0
142.5,25.75,313917.984,1000,0
142.5,50.0,256752.0288,1000,0
142.5,31.33,246388.0032,1000,0
142.5,34.93,246365.02080000003,1000,0
142.5,39.98,190820.96639999998,1000,0
142.5,60.0,109440.97919999997,1000,0
142.5,60.0,106313.9904,1000,0
142.5,65.0,106306.04160000004,1000,0
142.5,66.66,99624.9888,1000,0
142.5,70.0,21570.01920000003,1000,0
142.5,80.0,18445.968,1000,0
142.5,73.0,18086.025600000026,1000,0
142.5,75.0,18069.004800000028,1000,0
142.5,80.0,17835.983999999993,1000,0
142.5,90.0,8864.98560000003,1000,0
142.5,100.05,8185.967999999968,1000,0
142.5,100.0,3457.0367999999944,1000,0
142.5,105.0,2665.9583999999995,1000,0
142.5,132.99,1027.0367999999792,1000,0
142.5,140.0,985.9967999999981,1000,0
142.5,110.0,616.032000000007,1000,0
142.5,125.0,597.9744000000153,1000,0
142.5,130.0,189.043200000026,1000,0
142.5,135.0,156.98879999999633,1000,0
142.5,142.5,141.00479999998754,1000,0
125.0,75.0,600880.9824,1000,0
125.0,76.0,5135.961600000004,1000,0
125.0,125.0,5107.968000000005,1000,0
125.0,80.0,4520.966399999989,1000,0
125.0,85.0,4506.969600000028,1000,0
125.0,87.0,4454.006399999991,1000,0
125.0,90.0,4445.020799999964,1000,0
125.0,92.0,1212.0191999999747,1000,0
125.0,95.0,1193.961599999983,1000,0
125.0,100.0,1142.9855999999945,1000,0
125.0,105.5,923.9615999999984,1000,0
125.0,112.0,775.9584000000302,1000,0
125.0,117.5,759.9744000000214,1000,0
125.0,125.0,555.9839999999781,1000,0
125.0,122.5,552.0096000000365,1000,0
125.0,125.0,404.0063999999916,1000,0
112.5,75.0,436717.9584,1000,0
112.5,112.5,194213.03040000005,1000,0
112.5,80.0,115842.95999999999,1000,0
112.5,98.88,66343.01759999996,1000,0
112.5,110.0,47814.019200000024,1000,0
100.5,25.0,604514.0160000001,1000,0
100.5,2.0,558483.0336000001,1000,0
100.5,5.0,556485.0336,1000,0
100.5,10.0,556459.0272,1000,0
100.5,25.0,525646.0224,1000,0
100.5,30.0,525561.0048,1000,0
100.5,30.0,428329.03679999994,1000,0
100.5,35.0,428317.9775999999,1000,0
100.5,32.0,89178.96959999998,1000,0
100.5,50.99,49483.00800000003,1000,0
100.5,38.0,39630.98880000001,1000,0
100.5,41.0,39620.01600000001,1000,0
100.5,44.0,39606.01919999997,1000,0
100.5,50.0,39595.99680000003,1000,0
100.5,52.0,39571.97759999997,1000,0
100.5,52.99,34387.977600000006,1000,0
100.5,74.99,34349.96159999999,1000,0
100.5,80.0,34270.992,1000,0
100.5,54.0,29999.030399999974,1000,0
100.5,60.99,26357.961599999966,1000,0
100.5,65.99,26341.027199999975,1000,0
100.5,80.99,26325.993600000023,1000,0
100.5,85.0,5044.982400000026,1000,0
100.5,85.98,4238.006400000035,1000,0
100.5,100.5,2717.9711999999795,1000,0
100.5,100.01,1097.971199999995,1000,0
28.0,22.22,212756.976,1000,0
28.0,15.0,192694.98240000004,1000,0
28.0,22.0,192687.98399999997,1000,0
28.0,22.72,22570.01279999999,1000,0
28.0,24.0,21288.00959999998,1000,0
28.0,25.0,12296.015999999998,1000,0
28.0,25.0,4896.028800000002,1000,0
28.0,28.0,884.9952000000002,1000,0
28.0,27.0,5.961599999989176,1000,0
157.5,65.0,364111.97760000004,1000,0
157.5,55.0,276725.0304,1000,0
157.5,60.0,181483.97759999998,1000,0
157.5,70.0,181466.95679999999,1000,0
157.5,75.0,123102.0288,1000,0
157.5,85.0,123092.00639999998,1000,0
157.5,107.0,84137.96159999998,1000,0
157.5,110.0,82147.99680000001,1000,0
157.5,120.0,35150.97599999999,1000,0
157.5,125.0,26386.041599999975,1000,0
157.5,130.0,22472.98560000001,1000,0
157.5,150.0,4062.0095999999903,1000,0
157.5,135.0,482.9759999999794,1000,0
157.5,140.0,473.990400000028,1000,0
157.5,145.0,294.0191999999655,1000,0
157.5,157.5,97.02719999997953,1000,0
157.5,155.0,41.9904000000372,1000,0
96.0,9.99,575699.0112,1000,0
96.0,20.0,575674.0416,1000,0
96.0,25.75,348306.9984,1000,0
96.0,27.0,291401.97119999997,1000,0
96.0,30.0,63244.02239999999,1000,0
96.0,29.0,62918.035200000006,1000,0
96.0,35.0,60027.0048,1000,0
96.0,32.0,54207.96479999999,1000,0
96.0,35.0,54198.02879999998,1000,0
96.0,38.0,54189.04320000003,1000,0
96.0,40.0,51388.041600000026,1000,0
96.0,40.0,51070.00320000001,1000,0
96.0,42.0,51061.01759999998,1000,0
96.0,45.0,45851.01119999998,1000,0
96.0,45.0,45664.992,1000,0
96.0,50.0,45640.97280000002,1000,0
96.0,47.3,45215.97120000001,1000,0
96.0,50.0,42205.01759999998,1000,0
96.0,51.5,42191.97119999999,1000,0
96.0,70.0,41909.96160000002,1000,0
96.0,54.0,41827.96799999999,1000,0
96.0,57.0,41818.031999999985,1000,0
96.0,60.0,41806.972799999974,1000,0
96.0,65.0,41795.99999999997,1000,0
96.0,68.0,41785.027199999975,1000,0
96.0,70.0,41775.00480000003,1000,0
96.0,75.0,41766.96959999998,1000,0
96.0,75.0,25118.98559999998,1000,0
96.0,85.0,21866.025599999964,1000,0
96.0,80.0,21838.982400000023,1000,0
96.0,82.0,21460.032000000003,1000,0
96.0,84.99,21446.035199999966,1000,0
96.0,86.0,20647.008000000013,1000,0
96.0,90.0,20321.971200000007,1000,0
96.0,88.0,20260.02240000002,1000,0
96.0,90.0,20251.03679999999,1000,0
96.0,91.0,20241.964800000027,1000,0
96.0,92.0,20215.9584,1000,0
96.0,93.0,20148.9984,1000,0
96.0,94.0,20063.980800000012,1000,0
96.0,94.0,19156.003200000025,1000,0
96.0,95.0,19147.967999999975,1000,0
96.0,96.0,16377.033600000035,1000,0
102.5,45.0,493410.0096,1000,0
102.5,100.0,456841.98720000003,1000,0
102.5,55.0,40984.96320000003,1000,0
102.5,70.0,40959.99359999999,1000,0
102.5,89.99,34356.95999999997,1000,0
102.5,95.0,34337.00160000002,1000,0
102.5,98.0,21042.97920000003,1000,0
102.5,100.0,21025.95840000003,1000,0
102.5,102.5,21011.01120000001,1000,0
102.5,102.5,20718.028799999964,1000,0
82.02,25.0,588476.9664,1000,0
82.02,30.0,587873.0303999999,1000,0
82.02,27.0,584041.968,1000,0
82.02,29.0,584011.9872,1000,0
82.02,31.0,583982.0064000001,1000,0
82.02,33.0,579087.9648,1000,0
82.02,35.0,579054.0096,1000,0
82.02,38.0,548842.0031999999,1000,0
82.02,40.0,548826.0192,1000,0
82.02,37.0,380712.95999999996,1000,0
82.02,39.0,380642.02559999994,1000,0
82.02,41.0,380621.9808,1000,0
82.02,50.0,297454.98240000004,1000,0
82.02,72.22,39047.96160000001,1000,0
82.02,80.08,38989.03679999999,1000,0
82.02,55.0,38932.0128,1000,0
82.02,57.0,38916.028799999985,1000,0
82.02,65.0,36052.04160000001,1000,0
82.02,70.01,32062.00320000003,1000,0
82.02,75.01,32049.993600000034,1000,0
82.02,78.01,32039.02080000004,1000,0
82.02,81.02,32023.036800000027,1000,0
82.02,82.02,12810.959999999994,1000,0
127.51,29.99,480819.97439999995,1000,0
127.51,31.0,230832.9792,1000,0
127.51,40.0,156255.00479999997,1000,0
127.51,35.0,148714.0128,1000,0
127.51,40.0,148707.9648,1000,0
127.51,45.0,148700.9664,1000,0
127.51,100.0,78263.02079999997,1000,0
127.51,50.0,59631.03359999999,1000,0
127.51,60.0,59624.035200000006,1000,0
127.51,70.0,37160.03520000003,1000,0
127.51,75.0,26250.99839999998,1000,0
127.51,80.0,26167.01759999998,1000,0
127.51,85.0,26139.974400000036,1000,0
127.51,90.0,26021.00159999998,1000,0
127.51,100.0,17370.979199999994,1000,0
127.51,127.51,8676.979199999996,1000,0
127.51,105.0,127.95840000000567,1000,0
127.51,110.01,113.96159999996769,1000,0
127.51,115.01,95.99039999998809,1000,0
127.51,120.01,78.96959999998785,1000,0
127.51,127.51,38.9663999999982,1000,0
127.51,125.01,29.030399999990664,1000,0
130.0,95.0,345770.0352,1000,0
130.0,100.0,40329.014399999964,1000,0
130.0,120.0,31832.00640000003,1000,0
130.0,125.0,12446.006400000013,1000,0
130.0,125.0,10317.9744,1000,0
130.0,127.5,10296.979199999982,1000,0
130.0,130.0,7443.014400000024,1000,0
125.0,90.0,130545.9936,1000,0
125.0,80.0,6051.974399999966,1000,0
125.0,110.0,334.0224000000319,1000,0
125.0,95.0,243.04319999997688,1000,0
125.0,97.0,224.9855999999852,1000,0
125.0,100.0,212.0256000000154,1000,0
125.0,110.0,186.019199999987,1000,0
125.0,125.0,155.00160000002552,1000,0
125.0,125.0,107.99999999997851,1000,0
152.5,150.0,30198.95999999999,1000,0
152.5,152.5,7439.040000000005,1000,0
152.5,152.5,7370.9568000000045,1000,0
177.5,15.0,580717.9872,1000,0
177.5,2.0,534608.0351999999,1000,0
177.5,3.0,534364.0416,1000,0
177.5,3.5,531863.9712,1000,0
177.5,10.0,492880.032,1000,0
177.5,20.0,492866.9856,1000,0
177.5,20.0,488306.96640000003,1000,0
177.5,30.0,488292.96959999995,1000,0
177.5,21.0,87640.96320000003,1000,0
177.5,25.0,75169.0368,1000,0
177.5,125.0,74133.96479999997,1000,0
177.5,32.0,69907.96800000001,1000,0
177.5,35.0,69886.0224,1000,0
177.5,100.0,64319.96159999997,1000,0
177.5,110.0,27081.993600000027,1000,0
177.5,152.5,13198.982399999977,1000,0
177.5,130.0,8918.985599999982,1000,0
177.5,150.25,7253.020800000018,1000,0
177.5,165.0,7241.961600000008,1000,0
177.5,175.0,1846.9728000000173,1000,0
177.5,177.5,426.988799999981,1000,0
222.5,3.0,602777.9808,1000,0
222.5,20.0,591970.9824,1000,0
222.5,15.25,539665.9776,1000,0
222.5,21.25,539651.0304,1000,0
222.5,30.0,534974.0256,1000,0
222.5,25.0,526057.9776,1000,0
222.5,27.0,526043.0303999999,1000,0
222.5,30.0,526029.9839999999,1000,0
222.5,50.0,468394.0128,1000,0
222.5,32.0,452676.0384,1000,0
222.5,34.0,452647.9584,1000,0
222.5,36.0,452636.9856,1000,0
222.5,50.0,406064.9664,1000,0
222.5,60.0,383856.01920000004,1000,0
222.5,52.5,351747.01440000004,1000,0
222.5,55.0,351736.0416,1000,0
222.5,60.0,351724.9824,1000,0
222.5,65.0,351705.02400000003,1000,0
222.5,100.0,290079.0144,1000,0
222.5,100.0,275208.0192,1000,0
222.5,125.0,275189.9616,1000,0
222.5,105.0,19013.01119999999,1000,0
222.5,115.75,18990.97919999998,1000,0
222.5,125.0,18978.01920000001,1000,0
222.5,130.0,18967.99679999999,1000,0
222.5,135.75,18954.00000000003,1000,0
222.5,130.0,6262.96319999999,1000,0
222.5,135.0,6244.99200000001,1000,0
222.5,138.25,6230.995199999972,1000,0
222.5,140.75,6194.966400000001,1000,0
222.5,155.75,5689.008000000033,1000,0
222.5,175.0,5628.009600000024,1000,0
222.5,155.0,2095.027200000004,1000,0
222.5,160.0,2083.0176000000138,1000,0
222.5,165.0,1745.0207999999634,1000,0
222.5,170.0,1738.0223999999828,1000,0
222.5,180.0,1729.0368000000312,1000,0
222.5,200.0,1621.9872000000323,1000,0
222.5,185.0,1611.9648000000125,1000,0
222.5,199.0,1524.959999999976,1000,0
222.5,210.0,1505.0016000000255,1000,0
222.5,222.5,73.95839999997804,1000,0
222.5,215.0,59.9616000000168,1000,0
222.5,220.0,47.00159999997027,1000,0
222.5,222.5,19.958400000027154,1000,0
81.0,1.0,587725.9776,1000,0
81.0,10.0,587704.9824,1000,0
81.0,5.0,458864.0064,1000,0
81.0,10.0,438086.96640000003,1000,0
81.0,12.0,415798.9632,1000,0
81.0,50.0,68778.0288,1000,0
81.0,13.0,66592.97279999999,1000,0
81.0,20.0,32542.992000000035,1000,0
81.0,25.0,32523.03360000001,1000,0
81.0,28.0,29651.96160000004,1000,0
81.0,40.0,23434.963200000027,1000,0
81.0,70.0,21819.974399999974,1000,0
81.0,52.0,11301.033599999972,1000,0
81.0,56.0,11289.023999999981,1000,0
81.0,59.0,11263.017600000028,1000,0
81.0,61.0,11226.038400000001,1000,0
81.0,63.0,11205.993599999962,1000,0
81.0,70.0,1870.041600000019,1000,0
81.0,75.0,1855.0079999999894,1000,0
81.0,72.0,376.01279999999235,1000,0
81.0,74.0,344.9952000000309,1000,0
81.0,80.0,327.02399999997454,1000,0
81.0,81.0,280.02240000000427,1000,0
81.0,80.0,19.007999999971048,1000,0
202.5,5.0,602016.9696,1000,0
202.5,10.0,541381.968,1000,0
202.5,7.0,433818.9792,1000,0
202.5,10.0,433811.0304,1000,0
202.5,10.5,433794.0096,1000,0
202.5,50.0,421391.98079999996,1000,0
202.5,75.0,394308.00000000006,1000,0
202.5,60.0,356999.0112,1000,0
202.5,70.0,356938.0128,1000,0
202.5,80.0,356912.0064000001,1000,0
202.5,100.0,193163.96159999998,1000,0
202.5,130.0,169159.0176,1000,0
202.5,85.76,39597.03360000002,1000,0
202.5,100.0,27963.014400000007,1000,0
202.5,150.0,27949.01759999997,1000,0
202.5,150.0,15374.016000000038,1000,0
202.5,160.0,15341.961600000008,1000,0
202.5,200.0,15313.017600000028,1000,0
202.5,160.0,11167.97760000002,1000,0
202.5,170.0,11150.95680000002,1000,0
202.5,180.0,11143.007999999983,1000,0
202.5,190.0,11132.985599999964,1000,0
202.5,200.0,11120.025599999994,1000,0
202.5,202.5,11104.991999999964,1000,0
202.5,202.5,11061.014400000033,1000,0
81.99,80.99,8657.971200000025,1000,0
81.99,81.99,510.96959999997864,1000,0
90.0,70.0,52317.01440000004,1000,0
90.0,85.0,48443.96159999998,1000,0
90.0,90.0,23216.025599999964,1000,0
90.0,87.0,7467.033600000005,1000,0
90.0,89.0,7451.999999999975,1000,0
114.5,0.01,588807.0144,1000,0
114.5,1.0,588755.0016000001,1000,0
114.5,0.11,588168.0,1000,0
114.5,0.21,588140.9568,1000,0
114.5,0.99,588084.0192,1000,0
114.5,1.25,588037.968,1000,0
114.5,5.0,586210.0031999999,1000,0
114.5,10.0,580461.9839999999,1000,0
114.5,6.25,519685.97760000004,1000,0
114.5,8.0,519659.9712,1000,0
114.5,15.0,519614.9568,1000,0
114.5,35.0,517933.9584,1000,0
114.5,25.0,496841.9904,1000,0
114.5,30.0,496822.9824,1000,0
114.5,40.0,496808.9856,1000,0
114.5,50.0,486919.0368,1000,0
114.5,50.01,439270.99199999997,1000,0
114.5,60.0,120270.96000000002,1000,0
114.5,75.0,71832.00959999998,1000,0
114.5,62.0,70487.02079999998,1000,0
114.5,65.0,70471.98720000003,1000,0
114.5,70.0,70450.99200000001,1000,0
114.5,72.0,69430.00320000004,1000,0
114.5,75.0,67728.00960000002,1000,0
114.5,80.0,67707.96479999999,1000,0
114.5,77.0,63819.014400000015,1000,0
114.5,80.0,63800.95680000002,1000,0
114.5,90.0,6539.011199999976,1000,0
114.5,102.0,6535.036800000034,1000,0
114.5,100.0,5565.974400000025,1000,0
114.5,105.0,1106.9568000000231,1000,0
114.5,107.0,264.98879999997484,1000,0
114.5,109.5,177.03360000003556,1000,0
114.5,112.0,36.97920000002739,1000,0
114.5,114.5,19.958400000027154,1000,0
212.5,10.0,594433.9872,1000,0
212.5,5.0,590112.0,1000,0
212.5,6.0,577361.0016000001,1000,0
212.5,10.0,577352.016,1000,0
212.5,15.0,542785.0176,1000,0
212.5,35.0,515071.00800000003,1000,0
212.5,30.0,441768.9888,1000,0
212.5,34.0,441718.0128,1000,0
212.5,38.0,441707.9904,1000,0
212.5,40.0,348864.9696,1000,0
212.5,40.0,276941.0304,1000,0
212.5,50.0,276934.032,1000,0
212.5,45.0,264964.0032,1000,0
212.5,50.0,264958.0416,1000,0
212.5,55.0,264951.0432,1000,0
212.5,60.0,144756.9792,1000,0
212.5,66.0,97607.9808,1000,0
212.5,65.0,89930.99519999998,1000,0
212.5,68.0,89922.96,1000,0
212.5,70.0,89458.04160000001,1000,0
212.5,95.0,89439.98400000003,1000,0
212.5,71.0,87690.98879999996,1000,0
212.5,75.0,87685.02719999997,1000,0
212.5,78.0,87680.01599999996,1000,0
212.5,80.0,87669.99360000002,1000,0
212.5,82.0,78003.04320000001,1000,0
212.5,100.0,72539.02080000004,1000,0
212.5,100.0,61307.97120000003,1000,0
212.5,105.0,61302.009600000034,1000,0
212.5,105.0,43173.99359999997,1000,0
212.5,110.0,43165.00800000002,1000,0
212.5,157.0,43151.01119999998,1000,0
212.5,110.0,14008.982400000008,1000,0
212.5,120.0,7432.041600000025,1000,0
212.5,125.0,7370.006400000026,1000,0
212.5,130.0,7354.972799999996,1000,0
212.5,210.0,6546.009600000033,1000,0
212.5,162.0,3736.022400000007,1000,0
212.5,170.0,3720.988799999978,1000,0
212.5,175.5,3710.966400000035,1000,0
212.5,180.5,3694.03199999997,1000,0
212.5,186.0,3684.009600000027,1000,0
212.5,191.0,3675.023999999999,1000,0
212.5,196.0,3666.038399999971,1000,0
212.5,201.0,3626.035199999981,1000,0
212.5,206.0,3593.0303999999724,1000,0
212.5,211.0,3581.971200000038,1000,0
212.5,212.5,3551.040000000012,1000,0
212.5,212.5,3128.9760000000288,1000,0
212.5,212.5,224.9855999999852,1000,0
133.04,50.0,602329.9968,1000,0
133.04,60.0,100257.00480000002,1000,0
133.04,52.0,91932.01920000004,1000,0
133.04,54.0,91920.96000000002,1000,0
133.04,72.0,73945.95840000002,1000,0
133.04,75.0,25731.993600000027,1000,0
133.04,85.0,25700.975999999988,1000,0
133.04,80.0,17318.966400000012,1000,0
133.04,89.0,17295.984000000026,1000,0
133.04,100.0,10841.990400000037,1000,0
133.04,100.0,3269.030400000037,1000,0
133.04,110.0,3243.0240000000085,1000,0
133.04,120.0,1985.9904000000342,1000,0
133.04,121.28,1196.985600000022,1000,0
133.04,123.81,444.0095999999812,1000,0
133.04,125.0,174.95999999997593,1000,0
133.04,128.01,116.98560000000668,1000,0
133.04,130.0,41.03999999998109,1000,0
133.04,133.04,12.959999999969796,1000,0
133.04,132.5,12.959999999969796,1000,0
33.0,1.0,322488.0,1000,0
33.0,10.0,297703.9872,1000,0
33.0,5.0,179292.96,1000,0
33.0,30.0,71342.9856,1000,0
33.0,20.0,29179.008,1000,0
33.0,25.0,29163.023999999994,1000,0
33.0,30.0,29119.996799999964,1000,0
33.0,32.0,29086.041599999975,1000,0
33.0,32.0,23716.022400000023,1000,0
33.0,33.0,16691.961600000006,1000,0
132.55,1.0,602754.9984,1000,0
132.55,0.1,602622.0288,1000,0
132.55,0.25,602559.0432,1000,0
132.55,0.5,602446.032,1000,0
132.55,1.0,602422.0127999999,1000,0
132.55,2.0,602403.0048,1000,0
132.55,1.5,541982.9664,1000,0
132.55,2.0,540033.0048,1000,0
132.55,5.0,540019.0079999999,1000,0
132.55,2.5,535004.0064,1000,0
132.55,4.0,534964.0032,1000,0
132.55,5.0,534922.9632,1000,0
132.55,6.0,534903.0048,1000,0
132.55,20.0,473560.0416,1000,0
132.55,8.0,462365.0208,1000,0
132.55,9.0,462332.9664,1000,0
132.55,11.0,462302.9856,1000,0
132.55,12.5,462276.9792,1000,0
132.55,14.0,462234.03839999996,1000,0
132.55,15.01,250114.0032,1000,0
132.55,16.01,169145.02079999997,1000,0
132.55,20.0,158695.0272,1000,0
132.55,45.0,158679.9936,1000,0
132.55,40.0,115474.03199999999,1000,0
132.55,60.0,96712.96319999998,1000,0
132.55,47.0,87474.03840000002,1000,0
132.55,50.0,86316.96959999998,1000,0
132.55,55.0,82362.95999999996,1000,0
132.55,65.0,75176.03519999998,1000,0
132.55,62.0,59821.02719999999,1000,0
132.55,65.0,59807.03040000003,1000,0
132.55,90.0,36141.03360000002,1000,0
132.55,70.0,30978.979199999972,1000,0
132.55,72.0,14938.992000000007,1000,0
132.55,74.0,14926.032000000037,1000,0
132.55,76.0,14910.998400000008,1000,0
132.55,78.0,14900.975999999988,1000,0
132.55,80.0,14888.01600000002,1000,0
132.55,82.0,14869.00799999997,1000,0
132.55,85.99,14823.993599999973,1000,0
132.55,88.0,14806.97279999997,1000,0
132.55,95.0,14226.019200000033,1000,0
132.55,100.0,5929.9776000000265,1000,0
132.55,100.5,3320.006400000025,1000,0
132.55,103.0,1412.0351999999998,1000,0
132.55,110.0,907.9775999999896,1000,0
132.55,110.0,559.9583999999965,1000,0
132.55,112.5,548.0352000000181,1000,0
132.55,117.51,466.99199999997063,1000,0
132.55,117.52,379.9872000000107,1000,0
132.55,117.5,336.0096000000027,1000,0
132.55,121.0,304.9919999999645,1000,0
132.55,122.52,203.03999999998723,1000,0
132.55,126.0,172.02240000002575,1000,0
132.55,127.55,155.00160000002552,1000,0
132.55,131.0,90.97919999997828,1000,0
132.55,132.55,76.03200000003767,1000,0
124.49,70.0,463464.9792,1000,0
124.49,61.0,83146.00319999999,1000,0
124.49,70.0,20185.97760000003,1000,0
124.49,75.0,9582.969600000015,1000,0
124.49,75.0,7157.98080000001,1000,0
124.49,80.0,7011.014400000033,1000,0
124.49,77.0,6021.993599999996,1000,0
124.49,80.0,6013.007999999968,1000,0
124.49,85.0,6006.959999999966,1000,0
124.49,90.0,5934.9888000000365,1000,0
124.49,88.0,5091.983999999997,1000,0
124.49,90.0,5084.035200000037,1000,0
124.49,91.0,4445.020799999964,1000,0
124.49,95.0,4367.001600000031,1000,0
124.49,121.99,2916.0000000000337,1000,0
124.49,110.0,2848.0031999999683,1000,0
124.49,120.0,2830.982399999968,1000,0
124.49,124.49,236.99519999997563,1000,0
204.11,10.0,603862.0416,1000,0
204.11,10.0,600540.9984,1000,0
204.11,15.0,599400.0,1000,0
204.11,20.0,595374.9696000001,1000,0
204.11,50.0,537963.984,1000,0
204.11,30.0,537427.008,1000,0
204.11,40.0,537401.0016,1000,0
204.11,61.0,537371.9712,1000,0
204.11,75.01,472480.0416,1000,0
204.11,75.01,454986.9792,1000,0
204.11,100.01,454969.9584,1000,0
204.11,90.0,453354.0192,1000,0
204.11,92.01,453307.0176,1000,0
204.11,100.0,429526.02239999996,1000,0
204.11,150.0,429214.98240000004,1000,0
204.11,175.0,419545.00800000003,1000,0
204.11,155.0,417428.03520000004,1000,0
204.11,160.0,417411.01440000004,1000,0
204.11,165.0,417395.9808,1000,0
204.11,201.77,279303.03359999997,1000,0
204.11,199.09,3161.9808000000376,1000,0
204.11,204.11,1053.0432000000076,1000,0
167.5,0.01,602434.0224,1000,0
167.5,45.0,601333.0272,1000,0
167.5,0.11,600307.0272,1000,0
167.5,0.21,600295.968,1000,0
167.5,1.0,600286.032,1000,0
167.5,5.0,600274.0224,1000,0
167.5,10.0,600262.9632,1000,0
167.5,13.0,467796.98880000005,1000,0
167.5,50.0,459921.9744,1000,0
167.5,47.0,396356.0256,1000,0
167.5,50.0,396346.0032,1000,0
167.5,55.0,335071.0368,1000,0
167.5,52.0,180936.02879999997,1000,0
167.5,55.0,180929.98079999996,1000,0
167.5,56.0,179144.00640000004,1000,0
167.5,60.0,179084.9952,1000,0
167.5,70.0,154349.97119999997,1000,0
167.5,65.0,114302.96639999998,1000,0
167.5,67.0,114267.9744,1000,0
167.5,75.0,114147.96480000003,1000,0
167.5,72.01,94186.97279999999,1000,0
167.5,83.01,81489.97440000004,1000,0
167.5,86.5,81353.98079999998,1000,0
167.5,85.0,45819.99360000002,1000,0
167.5,90.0,45800.98559999997,1000,0
167.5,93.0,33384.00960000003,1000,0
167.5,155.0,33305.99040000002,1000,0
167.5,100.5,24110.956799999974,1000,0
167.5,110.0,8206.012800000008,1000,0
167.5,125.0,8187.004800000037,1000,0
167.5,140.0,8141.039999999981,1000,0
167.5,150.0,7108.991999999992,1000,0
167.5,155.0,7094.995200000031,1000,0
167.5,165.0,6635.001599999964,1000,0
167.5,165.0,5704.041599999985,1000,0
167.5,167.5,4060.972799999999,1000,0
47.0,26.99,555665.0112,1000,0
47.0,5.09,554301.0144,1000,0
47.0,20.0,554294.0160000001,1000,0
47.0,21.0,474895.00800000003,1000,0
47.0,22.0,474884.9856,1000,0
47.0,23.0,474869.0016,1000,0
47.0,24.0,474820.96320000006,1000,0
47.0,25.0,474790.032,1000,0
47.0,35.0,474720.9984,1000,0
47.0,35.0,416495.0016,1000,0
47.0,42.0,217280.01599999997,1000,0
47.0,46.0,31783.017600000014,1000,0
47.0,47.0,30248.035200000017,1000,0
182.5,18.54,598346.9568,1000,0
182.5,10.0,574427.0304,1000,0
182.5,65.0,502750.97280000005,1000,0
182.5,20.0,388812.0096,1000,0
182.5,40.0,388796.0256,1000,0
182.5,55.0,388779.0048,1000,0
182.5,80.0,388766.9952,1000,0
182.5,68.0,148644.02880000003,1000,0
182.5,80.0,133735.96799999996,1000,0
182.5,125.0,121815.96479999996,1000,0
182.5,100.0,76807.95840000002,1000,0
182.5,105.01,68613.00480000002,1000,0
182.5,160.0,67503.02399999996,1000,0
182.5,115.0,29825.971200000036,1000,0
182.5,120.0,29802.98879999997,1000,0
182.5,130.0,29783.030400000018,1000,0
182.5,182.5,29663.020799999973,1000,0
182.5,135.5,15827.961600000026,1000,0
182.5,140.5,15801.004800000019,1000,0
182.5,150.0,15783.033599999962,1000,0
182.5,155.0,15599.001600000023,1000,0
182.5,161.0,15583.967999999993,1000,0
182.5,167.0,15562.022399999994,1000,0
182.5,172.0,12639.974400000037,1000,0
182.5,180.0,12622.003199999981,1000,0
182.5,182.5,5034.009600000028,1000,0
33.1,2.0,446318.98559999996,1000,0
33.1,2.25,246269.98080000002,1000,0
33.1,3.0,164496.00960000002,1000,0
33.1,3.0,143767.95839999997,1000,0
33.1,3.54,143749.0368,1000,0
33.1,5.0,131491.03680000003,1000,0
33.1,8.53,79960.00319999998,1000,0
33.1,6.0,72960.99840000001,1000,0
33.1,8.55,65031.03359999999,1000,0
33.1,9.15,53533.00800000003,1000,0
33.1,10.55,43611.00479999997,1000,0
33.1,21.5,43522.01279999997,1000,0
33.1,22.54,24418.022399999998,1000,0
33.1,23.1,12512.96640000001,1000,0
33.1,30.1,6675.004800000031,1000,0
33.1,32.1,6626.966399999992,1000,0
33.1,25.0,3689.9712000000163,1000,0
33.1,30.0,3663.0144000000087,1000,0
33.1,33.1,3654.9792000000366,1000,0
123.15,99.0,342227.0304,1000,0
123.15,120.0,342215.9712,1000,0
123.15,105.0,153778.00319999998,1000,0
123.15,112.73,70978.9824,1000,0
123.15,120.65,70959.02399999996,1000,0
123.15,123.15,797.0399999999842,1000,0
41.0,10.0,596484.0,1000,0
41.0,15.0,82762.04159999997,1000,0
41.0,14.0,40811.990400000024,1000,0
41.0,41.0,9153.993599999987,1000,0
41.0,20.0,7488.028800000024,1000,0
41.0,22.0,2156.9759999999915,1000,0
41.0,30.0,2076.969600000012,1000,0
41.0,40.0,2062.0223999999953,1000,0
132.5,10.0,602093.0016000001,1000,0
132.5,10.5,547220.0160000001,1000,0
132.5,15.0,547211.0303999999,1000,0
132.5,11.5,543407.0112,1000,0
132.5,15.0,543384.9792,1000,0
132.5,17.5,543367.008,1000,0
132.5,20.0,539778.9888,1000,0
132.5,21.0,530112.0384000001,1000,0
132.5,25.0,381630.9600000001,1000,0
132.5,25.0,175087.00799999997,1000,0
132.5,30.0,175080.96,1000,0
132.5,50.0,175047.0048,1000,0
132.5,75.0,165985.97760000004,1000,0
132.5,53.0,149386.03199999998,1000,0
132.5,70.0,149357.0016,1000,0
132.5,73.5,88279.02719999997,1000,0
132.5,77.0,83604.0096,1000,0
132.5,77.0,70666.0416,1000,0
132.5,78.0,70645.99680000002,1000,0
132.5,90.0,36699.004799999966,1000,0
132.5,100.0,30201.984000000026,1000,0
132.5,100.0,22706.006399999966,1000,0
132.5,130.0,14273.971199999982,1000,0
132.5,105.0,7870.003200000005,1000,0
132.5,110.0,7835.011200000025,1000,0
132.5,127.01,756.0000000000031,1000,0
132.5,132.5,6.99839999998062,1000,0
122.5,2.0,598483.9872,1000,0
122.5,40.0,587687.0112,1000,0
122.5,24.99,562636.0224,1000,0
122.5,50.0,457454.9952,1000,0
122.5,60.0,281815.0272,1000,0
122.5,55.0,108477.01439999999,1000,0
122.5,65.0,95694.99839999997,1000,0
122.5,65.0,66378.96,1000,0
122.5,70.0,66367.9872,1000,0
122.5,80.0,40940.98560000002,1000,0
122.5,100.0,35077.017600000014,1000,0
122.5,90.0,29816.035200000028,1000,0
122.5,100.0,29806.012800000008,1000,0
122.5,110.0,6589.987199999965,1000,0
122.5,120.0,6507.993600000014,1000,0
122.5,106.0,6021.993599999996,1000,0
122.5,111.0,5999.011200000006,1000,0
122.5,120.0,3239.999999999969,1000,0
122.5,122.5,3205.0079999999894,1000,0
122.5,122.5,344.9952000000309,1000,0
51.0,40.0,474513.98400000005,1000,0
51.0,5.25,355152.03839999996,1000,0
51.0,10.03,354828.0384000001,1000,0
51.0,11.03,207323.0208,1000,0
51.0,13.0,207300.9888,1000,0
51.0,15.0,207288.02880000003,1000,0
51.0,51.0,37547.97119999999,1000,0
51.0,42.0,25406.006399999966,1000,0
51.0,50.0,25390.022400000034,1000,0
117.5,51.0,463602.00960000005,1000,0
117.5,52.0,463553.97119999997,1000,0
117.5,51.0,176184.0288,1000,0
117.5,53.0,151896.0384,1000,0
117.5,55.0,112581.01440000001,1000,0
117.5,75.0,111567.02400000002,1000,0
117.5,57.0,99164.99520000002,1000,0
117.5,60.0,99159.03360000002,1000,0
117.5,70.0,99150.99839999998,1000,0
117.5,75.0,99145.03679999999,1000,0
117.5,80.0,99135.96480000003,1000,0
117.5,77.0,53630.985599999985,1000,0
117.5,90.0,28836.00000000002,1000,0
117.5,82.0,27325.036800000005,1000,0
117.5,85.0,27317.001600000032,1000,0
117.5,100.0,13665.023999999969,1000,0
117.5,115.0,4241.980799999976,1000,0
117.5,117.5,26.006400000028407,1000,0
177.5,175.0,16501.01760000002,1000,0
177.5,177.5,1619.9999999999845,1000,0
102.5,65.0,275027.0112,1000,0
102.5,70.0,165497.99039999995,1000,0
102.5,70.0,105557.04000000001,1000,0
102.5,73.57,99433.9584,1000,0
102.5,75.0,29896.041600000008,1000,0
102.5,85.0,29839.017600000017,1000,0
102.5,75.57,14269.996799999964,1000,0
102.5,77.57,14252.025599999984,1000,0
102.5,80.0,14066.956799999976,1000,0
102.5,82.0,14048.035200000018,1000,0
102.5,85.0,8507.98080000001,1000,0
102.5,95.01,5483.030400000018,1000,0
102.5,100.0,3678.9984000000177,1000,0
102.5,99.0,24.019199999980856,1000,0
102.5,102.5,17.020800000000236,1000,0
167.5,75.0,122627.00159999999,1000,0
167.5,61.0,41583.023999999976,1000,0
167.5,68.0,41574.98880000001,1000,0
167.5,73.0,41560.04159999999,1000,0
167.5,87.75,41466.03839999997,1000,0
167.5,129.99,17964.97919999999,1000,0
167.5,100.0,15912.028800000036,1000,0
167.5,125.0,13451.961600000039,1000,0
167.5,132.0,11291.011200000028,1000,0
167.5,150.0,5743.958399999963,1000,0
167.5,149.99,2461.017599999977,1000,0
167.5,155.0,2450.995200000034,1000,0
167.5,167.5,2363.9903999999974,1000,0
167.5,160.0,69.98400000003642,1000,0
167.5,165.0,57.02399999998988,1000,0
167.5,167.5,41.9904000000372,1000,0
167.5,167.5,8.035199999972065,1000,0
127.5,87.01,17304.019199999995,1000,0
127.5,60.99,14029.977600000026,1000,0
127.5,62.99,14010.969599999979,1000,0
127.5,65.0,13994.985599999969,1000,0
127.5,67.0,13979.001600000038,1000,0
127.5,83.0,11916.028799999987,1000,0
127.5,90.0,11897.020800000015,1000,0
127.5,92.09,4339.008000000033,1000,0
127.5,92.0,3933.9647999999725,1000,0
127.5,95.0,3922.991999999974,1000,0
127.5,96.0,3893.0112000000036,1000,0
127.5,100.0,3814.041600000016,1000,0
127.5,100.0,3017.0016000000314,1000,0
127.5,110.0,2332.02239999998,1000,0
127.5,105.0,557.9712000000256,1000,0
127.5,122.87,24.969600000036962,1000,0
127.5,120.0,13.996800000037979,1000,0
127.5,125.0,10.972799999998983,1000,0
127.5,127.5,5.961599999989176,1000,0
142.5,5.0,604751.0112,1000,0
142.5,1.5,604664.0064000001,1000,0
142.5,5.0,604618.992,1000,0
142.5,5.5,604608.0192,1000,0
142.5,10.0,580897.9584,1000,0
142.5,25.0,575206.0128,1000,0
142.5,15.0,565702.0128,1000,0
142.5,20.0,565690.0032,1000,0
142.5,25.0,565677.9936,1000,0
142.5,30.0,565669.0079999999,1000,0
142.5,35.03,540877.9968,1000,0
142.5,35.0,537101.9712,1000,0
142.5,40.0,537094.9728,1000,0
142.5,50.0,497860.992,1000,0
142.5,42.0,450877.0176,1000,0
142.5,45.0,450872.0064,1000,0
142.5,50.0,450865.00800000003,1000,0
142.5,55.0,450858.96,1000,0
142.5,54.0,237051.01440000001,1000,0
142.5,60.0,237032.00640000004,1000,0
142.5,60.0,216761.96159999998,1000,0
142.5,65.0,216756.0,1000,0
142.5,74.0,216738.9792,1000,0
142.5,70.0,171207.99360000002,1000,0
142.5,100.0,171195.98400000003,1000,0
142.5,85.0,169225.0272,1000,0
142.5,90.0,123604.01280000003,1000,0
142.5,92.0,123597.96480000003,1000,0
142.5,94.0,123590.01599999999,1000,0
142.5,96.0,123581.03039999996,1000,0
142.5,99.0,123571.00800000002,1000,0
142.5,125.0,109468.0224,1000,0
142.5,115.0,65198.99519999998,1000,0
142.5,120.0,65183.96160000003,1000,0
142.5,142.5,39508.99199999999,1000,0
142.5,130.0,19490.976000000035,1000,0
142.5,135.0,52.012799999980075,1000,0
142.5,140.0,13.996800000037979,1000,0
247.5,100.0,125156.9664,1000,0
247.5,101.13,51831.014400000015,1000,0
247.5,105.0,45455.039999999964,1000,0
247.5,110.0,42912.979200000016,1000,0
247.5,125.0,38963.98080000001,1000,0
247.5,160.0,36155.03039999998,1000,0
247.5,130.0,30525.033599999984,1000,0
247.5,150.0,15604.012800000033,1000,0
247.5,155.0,15593.040000000034,1000,0
247.5,160.0,15578.006400000004,1000,0
247.5,170.0,15513.984000000033,1000,0
247.5,180.0,11158.991999999993,1000,0
247.5,177.0,9387.9648,1000,0
247.5,190.0,6469.977599999996,1000,0
247.5,183.0,5842.022400000011,1000,0
247.5,200.0,804.0383999999648,1000,0
247.5,200.0,362.0160000000311,1000,0
247.5,247.5,344.9952000000309,1000,0
247.5,220.0,256.0032000000234,1000,0
247.5,230.0,222.99840000001439,1000,0
247.5,240.0,172.97280000000512,1000,0
247.5,245.0,155.00160000002552,1000,0
247.5,247.5,90.02879999999891,1000,0
86.0,55.01,19396.022400000038,1000,0
86.0,60.0,3612.988799999999,1000,0
86.0,80.0,3591.0432000000014,1000,0
86.0,58.5,595.9871999999677,1000,0
86.0,61.5,581.0400000000271,1000,0
86.0,65.0,569.0304000000367,1000,0
86.0,70.0,550.9727999999683,1000,0
86.0,81.0,541.9872000000169,1000,0
86.0,85.0,174.95999999997593,1000,0
86.0,83.0,19.958400000027154,1000,0
86.0,86.0,6.99839999998062,1000,0
102.5,80.0,202635.9936,1000,0
102.5,55.0,151497.04320000001,1000,0
102.5,70.0,151485.984,1000,0
102.5,85.0,42114.98879999998,1000,0
102.5,102.5,3865.0176000000047,1000,0
102.5,102.5,2179.0080000000016,1000,0
102.5,90.0,196.99199999998598,1000,0
102.5,92.0,174.00959999999657,1000,0
102.5,94.0,160.9632000000147,1000,0
102.5,96.0,151.02720000000716,1000,0
102.5,98.0,135.99359999997773,1000,0
102.5,100.0,123.9839999999873,1000,0
49.0,15.0,224957.0016,1000,0
49.0,12.0,185899.01759999996,1000,0
49.0,15.0,185890.032,1000,0
49.0,17.0,185880.96,1000,0
49.0,19.0,185859.0144,1000,0
49.0,20.0,185848.04159999997,1000,0
49.0,20.0,136020.9888,1000,0
49.0,25.0,135977.01119999998,1000,0
49.0,21.0,128530.0224,1000,0
49.0,22.0,128509.97759999997,1000,0
49.0,35.0,85840.0416,1000,0
49.0,30.0,44281.03680000001,1000,0
49.0,40.0,42839.971200000015,1000,0
49.0,48.0,42506.0352,1000,0
49.0,42.0,19281.97439999998,1000,0
49.0,45.0,12264.998400000037,1000,0
49.0,47.0,3813.0048000000243,1000,0
49.0,49.0,3799.007999999986,1000,0
49.0,49.0,3255.033599999999,1000,0
127.5,127.5,155032.96319999997,1000,0
127.5,125.0,55074.98880000001,1000,0
132.52,20.0,595613.0016,1000,0
132.52,20.5,566897.9616,1000,0
132.52,28.0,564948.0,1000,0
132.52,21.5,529766.0064,1000,0
132.52,30.0,529743.024,1000,0
132.52,40.0,519575.04000000004,1000,0
132.52,32.0,450586.9728,1000,0
132.52,34.0,450574.0128,1000,0
132.52,36.0,450549.9936,1000,0
132.52,38.0,450539.9712,1000,0
132.52,40.0,450534.00960000005,1000,0
132.52,42.0,450452.016,1000,0
132.52,42.0,354006.0288,1000,0
132.52,43.0,353994.96959999995,1000,0
132.52,46.0,353978.03520000004,1000,0
132.52,50.0,322179.0336,1000,0
132.52,48.0,162301.01760000002,1000,0
132.52,51.0,162294.9696,1000,0
132.52,61.0,162282.00959999996,1000,0
132.52,55.0,148357.95840000003,1000,0
132.52,60.0,148336.9632,1000,0
132.52,65.0,145348.99200000003,1000,0
132.52,91.0,142817.99040000004,1000,0
132.52,100.0,95630.97600000001,1000,0
132.52,105.0,95621.04,1000,0
132.52,99.0,87485.01120000002,1000,0
132.52,105.5,48913.02720000001,1000,0
132.52,110.02,21831.033599999988,1000,0
132.52,110.0,5105.980800000035,1000,0
132.52,112.52,4347.993599999983,1000,0
132.52,115.02,153.01439999997797,1000,0
132.52,128.99,111.02400000001751,1000,0
132.52,120.02,92.01599999996972,1000,0
132.52,125.02,66.00960000001805,1000,0
132.52,130.02,50.97599999998863,1000,0
132.52,132.52,29.030399999990664,1000,0
127.5,5.0,596226.0096,1000,0
127.5,50.0,588676.032,1000,0
127.5,15.11,568527.984,1000,0
127.5,18.11,568468.0224,1000,0
127.5,60.0,464588.0064,1000,0
127.5,72.0,357701.0112,1000,0
127.5,75.0,264040.99199999997,1000,0
127.5,85.0,154767.02400000003,1000,0
127.5,80.01,94383.0144,1000,0
127.5,85.01,94348.02240000002,1000,0
127.5,90.0,38096.00640000001,1000,0
127.5,99.0,33349.96800000003,1000,0
127.5,95.0,29630.96640000002,1000,0
127.5,100.0,29618.95680000003,1000,0
127.5,110.0,29445.984000000026,1000,0
127.5,105.0,28888.012799999997,1000,0
127.5,110.0,28874.016000000036,1000,0
127.5,115.0,28862.00639999997,1000,0
127.5,118.0,28254.009600000012,1000,0
127.5,120.0,27287.971199999964,1000,0
127.5,123.0,22570.96319999997,1000,0
127.5,125.0,9648.028799999978,1000,0
127.5,127.5,7542.028799999975,1000,0
116.5,5.0,602627.9904,1000,0
116.5,2.0,601209.9936,1000,0
116.5,2.5,601192.0224,1000,0
116.5,5.0,601171.9776,1000,0
116.5,20.0,551446.0128,1000,0
116.5,50.0,549603.9648000001,1000,0
116.5,40.0,525306.9888,1000,0
116.5,45.0,525296.016,1000,0
116.5,60.0,525287.9808,1000,0
116.5,60.0,523340.9568,1000,0
116.5,70.0,523333.00800000003,1000,0
116.5,70.0,102382.96319999997,1000,0
116.5,80.0,25120.022399999973,1000,0
116.5,72.5,18295.027200000004,1000,0
116.5,75.0,18276.01920000003,1000,0
116.5,80.0,18264.96000000002,1000,0
116.5,85.0,18243.014400000025,1000,0
116.5,90.09,18013.968000000008,1000,0
116.5,93.0,16739.99999999997,1000,0
116.5,116.5,5229.964800000022,1000,0
116.5,97.0,3929.990400000031,1000,0
116.5,99.5,855.9648000000095,1000,0
116.5,103.0,353.03040000000294,1000,0
116.5,108.0,252.97919999998442,1000,0
116.5,114.0,1.9871999999708123,1000,0
105.0,5.0,586253.9808,1000,0
105.0,3.0,533107.9584,1000,0
105.0,5.0,533086.9632,1000,0
105.0,10.0,497681.9712,1000,0
105.0,60.0,468110.96640000003,1000,0
105.0,15.0,423441.99360000005,1000,0
105.0,30.0,414476.0064,1000,0
105.0,40.0,414462.0096,1000,0
105.0,50.0,414446.97599999997,1000,0
105.0,55.0,414425.0304,1000,0
105.0,80.0,226028.96639999998,1000,0
105.0,64.0,117096.01920000002,1000,0
105.0,69.0,117070.01279999998,1000,0
105.0,80.0,102960.97919999996,1000,0
105.0,90.0,35188.992000000006,1000,0
105.0,99.0,35131.968000000015,1000,0
105.0,83.0,9413.020799999973,1000,0
105.0,85.0,9380.96640000002,1000,0
105.0,90.0,9352.972800000021,1000,0
105.0,92.0,9319.968000000012,1000,0
105.0,94.0,5858.006400000019,1000,0
105.0,101.01,5586.969599999967,1000,0
105.0,102.5,92.96640000002583,1000,0
105.0,105.0,24.969600000036962,1000,0
142.73,6.0,524522.9952,1000,0
142.73,8.51,355995.9936,1000,0
142.73,7.0,334247.9904,1000,0
142.73,10.0,246288.9888,1000,0
142.73,45.0,198420.01920000004,1000,0
142.73,20.0,194431.01760000005,1000,0
142.73,30.0,194426.00640000004,1000,0
142.73,32.0,194413.99680000005,1000,0
142.73,40.0,144544.0032,1000,0
142.73,50.0,144535.96799999996,1000,0
142.73,50.0,132056.9568,1000,0
142.73,51.0,87819.03359999998,1000,0
142.73,61.0,85161.97439999999,1000,0
142.73,55.0,82402.01279999998,1000,0
142.73,57.0,81451.00799999996,1000,0
142.73,60.0,81442.02240000002,1000,0
142.73,62.0,81433.03679999999,1000,0
142.73,80.0,28379.030399999992,1000,0
142.73,100.0,15048.979200000034,1000,0
142.73,85.0,10850.975999999988,1000,0
142.73,87.75,10834.0416,1000,0
142.73,90.0,10820.99520000002,1000,0
142.73,112.0,3837.0240000000053,1000,0
142.73,105.0,482.9759999999794,1000,0
142.73,110.0,468.9792000000182,1000,0
142.73,140.23,461.98080000003756,1000,0
142.73,120.0,339.03359999996496,1000,0
142.73,125.0,322.96320000002083,1000,0
142.73,135.0,308.96639999998285,1000,0
142.73,142.73,283.99680000002263,1000,0
405.0,1.0,598074.0192,1000,0
405.0,50.0,568259.9712,1000,0
405.0,150.0,475029.0144,1000,0
405.0,200.0,474987.9744,1000,0
405.0,250.0,436931.9712,1000,0
405.0,205.0,148346.9856,1000,0
405.0,239.0,16417.036800000024,1000,0
405.0,244.0,16400.016000000025,1000,0
405.0,255.0,2499.983999999975,1000,0
405.0,280.0,2088.979200000003,1000,0
405.0,300.0,1663.9775999999927,1000,0
405.0,275.0,848.0159999999728,1000,0
405.0,300.0,841.9679999999715,1000,0
405.0,325.0,829.9583999999811,1000,0
405.0,360.0,813.023999999993,1000,0
405.0,400.0,559.9583999999965,1000,0
405.0,405.0,19.958400000027154,1000,0
100.0,10.0,428920.96320000006,1000,0
100.0,10.5,339071.9616,1000,0
100.0,11.0,289067.9616,1000,0
100.0,75.0,237542.02560000002,1000,0
100.0,12.0,231778.02240000002,1000,0
100.0,13.0,231764.0256,1000,0
100.0,15.0,231750.9792,1000,0
100.0,20.0,231738.01919999995,1000,0
100.0,21.5,220337.0208,1000,0
100.0,25.0,220323.02400000003,1000,0
100.0,30.0,220307.99039999998,1000,0
100.0,35.0,220276.97280000005,1000,0
100.0,40.0,220259.0016,1000,0
100.0,60.0,220241.9808,1000,0
100.0,65.0,220185.9936,1000,0
100.0,70.0,203397.0048,1000,0
100.0,75.0,203376.00959999996,1000,0
100.0,80.0,203363.99999999997,1000,0
100.0,80.0,42060.03839999997,1000,0
100.0,85.0,42050.016000000025,1000,0
100.0,95.0,42015.97440000002,1000,0
100.0,85.0,15212.96640000001,1000,0
100.0,89.0,15203.980799999983,1000,0
100.0,92.0,8678.966399999968,1000,0
100.0,100.0,8645.961600000035,1000,0
100.0,100.0,3053.030400000003,1000,0
96.0,30.0,555546.9888,1000,0
96.0,10.0,554182.992,1000,0
96.0,15.0,460541.0304,1000,0
96.0,45.0,460527.03359999997,1000,0
96.0,35.0,195748.9632,1000,0
96.0,40.0,193288.98240000004,1000,0
96.0,50.0,88246.97280000002,1000,0
96.0,70.0,32121.964799999965,1000,0
96.0,65.05,22258.02239999997,1000,0
96.0,90.0,20474.035200000006,1000,0
96.0,85.0,18509.99039999997,1000,0
96.0,89.0,18497.0304,1000,0
96.0,95.0,12484.97280000001,1000,0
96.0,95.0,247.01759999999524,1000,0
96.0,96.0,8.985600000028171,1000,0
122.5,80.0,89770.03200000004,1000,0
122.5,82.0,46981.98719999999,1000,0
122.5,82.0,14651.971200000022,1000,0
122.5,86.0,14583.023999999978,1000,0
122.5,100.0,8014.982400000011,1000,0
122.5,90.0,6985.008000000005,1000,0
122.5,95.0,6974.985599999985,1000,0
122.5,105.0,1560.0383999999679,1000,0
122.5,105.0,1419.0335999999802,1000,0
122.5,108.0,1370.9952000000185,1000,0
122.5,115.0,1283.990399999982,1000,0
122.5,114.0,1137.0240000000053,1000,0
122.5,118.0,1081.9871999999862,1000,0
122.5,120.0,762.9983999999837,1000,0
122.5,122.5,437.0112000000006,1000,0
144.0,130.01,41829.00479999998,1000,0
144.0,141.5,14609.980799999985,1000,0
144.0,140.01,13411.958399999972,1000,0
144.0,144.0,13325.040000000025,1000,0
120.0,80.0,602322.9984,1000,0
120.0,65.0,87537.024,1000,0
120.0,69.0,87523.02719999997,1000,0
120.0,72.0,87511.01759999998,1000,0
120.0,85.0,14982.969600000015,1000,0
120.0,82.0,9390.988799999963,1000,0
120.0,90.0,9376.992000000002,1000,0
120.0,88.0,5203.008000000014,1000,0
120.0,90.0,3743.971199999967,1000,0
120.0,91.0,3713.040000000018,1000,0
120.0,95.0,3612.03840000002,1000,0
120.0,96.0,3588.9696000000185,1000,0
120.0,100.0,3560.025599999963,1000,0
120.0,94.0,3551.040000000012,1000,0
120.0,96.0,3544.0416000000314,1000,0
120.0,99.0,3537.99360000003,1000,0
120.0,105.0,2311.9776000000174,1000,0
120.0,118.0,951.0048000000182,1000,0
120.0,110.0,548.0352000000181,1000,0
120.0,120.0,17.020800000000236,1000,0
89.0,40.0,128457.0144,1000,0
89.0,60.0,91031.04000000002,1000,0
89.0,50.0,48587.99040000001,1000,0
89.0,53.0,48565.9584,1000,0
89.0,55.5,17685.993599999976,1000,0
89.0,58.0,16064.956800000002,1000,0
89.0,60.0,16051.996800000032,1000,0
89.0,61.0,16024.003200000032,1000,0
89.0,62.0,13773.974400000003,1000,0
89.0,63.0,9002.016,1000,0
89.0,70.0,8948.966400000028,1000,0
89.0,65.0,8706.009599999987,1000,0
89.0,67.0,8695.987199999967,1000,0
89.0,69.0,8685.01439999997,1000,0
89.0,72.0,8674.04159999997,1000,0
89.0,75.0,7845.984000000024,1000,0
89.0,89.0,1795.9968000000288,1000,0
89.0,78.0,1482.9696000000154,1000,0
89.0,80.0,1015.9775999999681,1000,0
89.0,82.0,1003.9679999999777,1000,0
89.0,84.0,989.9712000000164,1000,0
89.0,86.0,970.9631999999687,1000,0
89.0,88.0,956.9664000000074,1000,0
202.0,125.0,376723.95840000006,1000,0
202.0,105.75,256515.03360000002,1000,0
202.0,150.75,15388.012799999999,1000,0
202.0,156.75,15308.006400000018,1000,0
202.0,130.0,9174.038400000027,1000,0
202.0,135.0,9162.028800000036,1000,0
202.0,140.0,9150.019199999968,1000,0
202.0,150.0,9138.009599999978,1000,0
202.0,160.0,9127.03679999998,1000,0
202.0,165.0,4189.0176000000165,1000,0
202.0,200.0,36.97920000002739,1000,0
202.0,202.0,17.020800000000236,1000,0
385.0,75.0,603559.0368,1000,0
385.0,15.0,598140.9792,1000,0
385.0,75.0,597295.0368,1000,0
385.0,100.0,595325.9808,1000,0
385.0,80.0,588533.9904,1000,0
385.0,85.0,588514.9824,1000,0
385.0,87.0,588486.9888,1000,0
385.0,100.0,588471.0048,1000,0
385.0,200.0,584077.9968,1000,0
385.0,120.0,555795.9936,1000,0
385.0,150.0,424025.02080000006,1000,0
385.0,165.0,422004.98879999993,1000,0
385.0,170.0,421990.0416,1000,0
385.0,175.0,421971.0336,1000,0
385.0,180.0,421956.0,1000,0
385.0,185.0,421947.96479999996,1000,0
385.0,190.0,421933.968,1000,0
385.0,195.0,421879.01759999996,1000,0
385.0,200.0,421861.99679999996,1000,0
385.0,205.0,210786.01919999998,1000,0
385.0,205.0,65958.9696,1000,0
385.0,210.0,65947.99680000001,1000,0
385.0,225.0,57595.01760000002,1000,0
385.0,255.99,53038.02239999998,1000,0
385.0,300.0,51677.99999999996,1000,0
385.0,277.0,51148.022400000016,1000,0
385.0,288.0,51141.024000000034,1000,0
385.0,298.0,45548.95679999997,1000,0
385.0,305.0,45541.95839999999,1000,0
385.0,310.0,44734.98239999999,1000,0
385.0,320.0,44696.015999999996,1000,0
385.0,325.0,42649.02720000003,1000,0
385.0,333.33,34086.009600000005,1000,0
385.0,350.0,16501.01760000002,1000,0
385.0,360.0,3337.9776000000047,1000,0
385.0,360.0,20.9952000000186,1000,0
385.0,380.0,10.972799999998983,1000,0
385.0,385.0,1.9871999999708123,1000,0
177.5,101.67,74293.02720000003,1000,0
177.5,90.0,41585.9616,1000,0
177.5,92.0,41576.97599999997,1000,0
177.5,94.0,41564.016,1000,0
177.5,110.0,38611.03680000002,1000,0
177.5,150.0,9085.996799999997,1000,0
177.5,115.0,5356.972799999971,1000,0
177.5,120.0,5260.9823999999835,1000,0
177.5,128.0,900.0288000000296,1000,0
177.5,138.0,884.9952000000002,1000,0
177.5,145.0,869.0111999999914,1000,0
177.5,158.0,853.0271999999826,1000,0
177.5,165.0,829.9583999999811,1000,0
177.5,165.0,88.0416000000281,1000,0
177.5,175.0,66.00960000001805,1000,0
177.5,173.5,27.99359999999922,1000,0
177.5,177.5,5.011200000009808,1000,0
96.0,96.0,46661.961599999995,1000,0
96.0,82.0,42259.0176,1000,0
96.0,90.0,4379.011200000022,1000,0
96.0,95.0,4360.003199999975,1000,0
204.5,20.0,604425.024,1000,0
204.5,40.0,466676.0352,1000,0
204.5,21.0,234630.00000000003,1000,0
204.5,22.0,234610.0416,1000,0
204.5,25.0,234595.9584,1000,0
204.5,50.0,167826.0384,1000,0
204.5,50.0,149076.9792,1000,0
204.5,99.0,140638.98240000004,1000,0
204.5,70.0,132601.968,1000,0
204.5,72.0,113300.0352,1000,0
204.5,80.0,113279.99040000002,1000,0
204.5,95.0,82750.03199999998,1000,0
204.5,100.0,82731.97439999998,1000,0
204.5,151.5,20831.990400000006,1000,0
204.5,130.0,12578.976000000028,1000,0
204.5,135.0,4990.982399999999,1000,0
204.5,140.0,4973.011200000019,1000,0
204.5,180.0,4638.038400000008,1000,0
204.5,180.0,4074.0191999999806,1000,0
204.5,190.0,3966.9695999999817,1000,0
204.5,204.5,31.968000000017582,1000,0
204.5,202.0,1.9871999999708123,1000,0
117.5,1.0,588119.0112,1000,0
117.5,10.0,531093.024,1000,0
117.5,1.5,520363.008,1000,0
117.5,5.0,520338.0384,1000,0
117.5,10.0,520309.00800000003,1000,0
117.5,16.0,520291.98720000003,1000,0
117.5,15.0,491694.9696,1000,0
117.5,20.0,491682.96,1000,0
117.5,17.0,382185.0432,1000,0
117.5,20.0,382138.992,1000,0
117.5,25.0,382119.98399999994,1000,0
117.5,21.0,143963.99999999997,1000,0
117.5,25.0,143937.0432,1000,0
117.5,26.0,143694.0,1000,0
117.5,28.0,94005.96480000002,1000,0
117.5,80.0,90557.99999999999,1000,0
117.5,30.01,86201.97120000003,1000,0
117.5,32.02,86166.02879999999,1000,0
117.5,34.02,84400.96319999998,1000,0
117.5,36.02,84389.04000000001,1000,0
117.5,45.0,84076.0128,1000,0
117.5,48.0,84057.00480000002,1000,0
117.5,55.0,65254.032,1000,0
117.5,60.0,65221.97759999997,1000,0
117.5,70.0,65212.04159999996,1000,0
117.5,75.0,53491.96799999997,1000,0
117.5,78.0,53472.00960000002,1000,0
117.5,85.0,53451.96479999998,1000,0
117.5,82.0,30903.984000000004,1000,0
117.5,84.0,30875.040000000023,1000,0
117.5,86.0,30853.008000000013,1000,0
117.5,90.0,10653.033600000022,1000,0
117.5,88.0,6770.9952000000185,1000,0
117.5,90.0,6758.985600000028,1000,0
117.5,95.0,6741.014399999972,1000,0
117.5,95.0,2752.963200000036,1000,0
117.5,99.0,2745.964799999979,1000,0
117.5,115.0,2729.0303999999905,1000,0
117.5,98.0,186.019199999987,1000,0
117.5,100.0,172.97280000000512,1000,0
117.5,105.0,165.0239999999684,1000,0
117.5,110.0,153.01439999997797,1000,0
117.5,115.0,34.99199999997984,1000,0
117.5,117.5,3.023999999962257,1000,0
265.0,20.0,596957.9904,1000,0
265.0,2.0,596905.0272,1000,0
265.0,2.5,596893.0176,1000,0
265.0,3.0,596884.9824,1000,0
265.0,3.5,596875.9968,1000,0
265.0,4.0,596870.9856,1000,0
265.0,5.0,596865.9744000001,1000,0
265.0,6.0,596853.9648000001,1000,0
265.0,10.0,596848.0031999999,1000,0
265.0,11.0,596804.0256,1000,0
265.0,12.0,596790.9792,1000,0
265.0,15.0,596785.0176,1000,0
265.0,22.0,583597.9584,1000,0
265.0,21.0,555806.9664,1000,0
265.0,31.0,555790.032,1000,0
265.0,25.0,555130.9728,1000,0
265.0,27.0,555123.024,1000,0
265.0,29.0,555111.9648,1000,0
265.0,31.0,555102.9792,1000,0
265.0,32.0,555095.9808,1000,0
265.0,33.0,498827.9808,1000,0
265.0,34.0,381323.0304,1000,0
265.0,36.0,381107.03040000005,1000,0
265.0,40.0,378451.9584,1000,0
265.0,80.0,377881.9776,1000,0
265.0,41.0,341178.99840000004,1000,0
265.0,50.0,341168.976,1000,0
265.0,58.1,341158.0032,1000,0
265.0,62.1,341151.0048,1000,0
265.0,67.1,341144.0064,1000,0
265.0,70.0,341121.9744,1000,0
265.0,75.0,341114.976,1000,0
265.0,80.0,341102.016,1000,0
265.0,82.0,341095.01759999996,1000,0
265.0,85.0,87763.99680000004,1000,0
265.0,105.0,86225.99040000001,1000,0
265.0,85.0,84051.99360000002,1000,0
265.0,90.0,84043.95839999996,1000,0
265.0,92.0,84037.99679999998,1000,0
265.0,100.0,84029.9616,1000,0
265.0,105.0,84004.99199999997,1000,0
265.0,107.5,26935.027199999975,1000,0
265.0,115.0,22805.020799999995,1000,0
265.0,115.0,8093.00160000002,1000,0
265.0,120.0,8077.01760000001,1000,0
265.0,120.0,5856.0191999999715,1000,0
265.0,122.5,5844.009599999981,1000,0
265.0,145.03,5821.027199999991,1000,0
265.0,126.0,5652.0288000000055,1000,0
265.0,175.0,5178.988800000033,1000,0
265.0,150.03,4879.008000000002,1000,0
265.0,155.03,4865.0111999999635,1000,0
265.0,160.03,4851.014400000003,1000,0
265.0,165.03,4835.030399999994,1000,0
265.0,170.03,4821.984000000012,1000,0
265.0,175.03,4797.014399999975,1000,0
265.0,190.55,4776.019200000033,1000,0
265.0,200.0,3618.000000000009,1000,0
265.0,195.55,3530.9951999999726,1000,0
265.0,200.55,3511.9872000000014,1000,0
265.0,220.0,3478.9823999999926,1000,0
265.0,210.0,454.03200000000083,1000,0
265.0,225.0,440.03519999996286,1000,0
265.0,225.0,369.01440000001173,1000,0
265.0,227.5,351.9936000000115,1000,0
265.0,230.0,327.02399999997454,1000,0
265.0,232.5,278.9856000000128,1000,0
265.0,245.0,257.04000000001486,1000,0
265.0,237.5,217.98720000000458,1000,0
265.0,242.5,200.96640000000434,1000,0
265.0,250.0,182.99520000002474,1000,0
265.0,250.0,163.03679999999758,1000,0
265.0,255.0,111.02400000001751,1000,0
265.0,260.0,73.00799999999867,1000,0
265.0,265.0,17.020800000000236,1000,0
112.5,75.0,603967.968,1000,0
112.5,20.0,601185.024,1000,0
112.5,75.0,409957.0272,1000,0
112.5,100.0,409727.9808,1000,0
112.5,100.0,10742.97600000001,1000,0
112.5,110.0,10726.992000000002,1000,0
112.5,112.5,111.02400000001751,1000,0
115.5,24.99,557649.0144,1000,0
115.5,30.0,262901.9808,1000,0
115.5,70.0,191820.00959999996,1000,0
115.5,32.0,155152.97280000002,1000,0
115.5,115.5,116856.0,1000,0
115.5,85.0,102464.00640000003,1000,0
115.5,95.59,12026.966399999992,1000,0
115.5,100.59,12019.017600000032,1000,0
115.5,105.59,12008.995200000012,1000,0
115.5,113.0,775.9584000000302,1000,0
183.56,120.0,553512.0096,1000,0
183.56,150.0,330657.0336,1000,0
183.56,120.0,75749.04000000004,1000,0
183.56,125.5,75713.96159999997,1000,0
183.56,140.0,75671.9712,1000,0
183.56,150.0,75650.976,1000,0
183.56,155.0,75617.97119999999,1000,0
183.56,165.0,75537.01440000001,1000,0
183.56,170.0,74917.95839999997,1000,0
183.56,155.0,1466.0352000000273,1000,0
183.56,160.0,1457.9999999999786,1000,0
183.56,183.56,12.009599999990428,1000,0
183.56,181.06,8.985600000028171,1000,0
119.5,9.99,562721.9904,1000,0
119.5,20.0,500419.0368,1000,0
119.5,55.0,427610.96640000003,1000,0
119.5,35.0,355466.016,1000,0
119.5,40.0,355440.96,1000,0
119.5,50.0,354264.0191999999,1000,0
119.5,55.0,354245.9616,1000,0
119.5,60.0,279122.0256,1000,0
119.5,60.0,169443.96480000002,1000,0
119.5,65.0,169431.00480000002,1000,0
119.5,70.01,159923.98079999996,1000,0
119.5,80.0,71144.00640000004,1000,0
119.5,85.0,39801.97439999996,1000,0
119.5,82.0,7565.0111999999635,1000,0
119.5,90.0,7549.027200000031,1000,0
119.5,117.0,7525.95840000003,1000,0
119.5,110.0,2478.038399999977,1000,0
119.5,119.5,2463.0048000000243,1000,0
105.01,75.0,177776.03519999998,1000,0
105.01,85.01,164675.03039999996,1000,0
105.01,78.0,147228.0192,1000,0
105.01,80.0,120996.0288,1000,0
105.01,100.0,4067.0208000000002,1000,0
105.01,90.01,383.9616000000291,1000,0
105.01,100.0,278.9856000000128,1000,0
105.01,105.01,243.99360000003298,1000,0
105.01,105.0,8.035199999972065,1000,0
142.5,7.0,604014.0192,1000,0
142.5,1.5,602197.0272,1000,0
142.5,25.0,562956.9983999999,1000,0
142.5,31.99,549108.9792,1000,0
142.5,35.0,548209.0368,1000,0
142.5,41.99,490670.0064,1000,0
142.5,77.77,483472.9728,1000,0
142.5,45.99,461210.02560000005,1000,0
142.5,51.99,461194.04160000006,1000,0
142.5,54.0,453958.0416,1000,0
142.5,61.99,402639.984,1000,0
142.5,65.99,402627.97439999995,1000,0
142.5,75.0,369037.9872,1000,0
142.5,80.0,369025.02719999995,1000,0
142.5,85.0,101046.96,1000,0
142.5,87.0,86290.01279999997,1000,0
142.5,90.0,86281.02720000003,1000,0
142.5,92.0,86267.98079999996,1000,0
142.5,90.0,75176.98560000004,1000,0
142.5,92.0,75164.97599999997,1000,0
142.5,95.0,75154.00319999998,1000,0
142.5,100.0,44295.033599999966,1000,0
142.5,97.0,35690.97600000003,1000,0
142.5,99.0,35683.0272,1000,0
142.5,102.5,35648.03520000002,1000,0
142.5,105.0,13428.028799999993,1000,0
142.5,107.5,4995.993600000009,1000,0
142.5,110.0,3734.985600000016,1000,0
142.5,125.0,3476.9952000000217,1000,0
142.5,115.0,1243.036800000013,1000,0
142.5,140.0,48.03839999996171,1000,0
142.5,130.0,38.016000000018835,1000,0
142.5,135.0,26.006400000028407,1000,0
142.5,140.0,17.971199999979603,1000,0
142.5,142.5,8.985600000028171,1000,0
104.09,24.99,568731.9744,1000,0
104.09,30.0,122703.03360000002,1000,0
104.09,35.0,95188.00320000002,1000,0
104.09,60.0,94214.96639999999,1000,0
104.09,40.0,77749.02720000003,1000,0
104.09,60.0,72614.016,1000,0
104.09,70.0,72596.9952,1000,0
104.09,62.0,41740.012799999975,1000,0
104.09,64.0,41731.027200000026,1000,0
104.09,66.0,41717.98079999996,1000,0
104.09,70.0,41708.99520000001,1000,0
104.09,71.0,41698.022400000016,1000,0
104.09,86.0,41646.009600000034,1000,0
104.09,90.0,30840.998400000022,1000,0
104.09,95.59,22768.041599999968,1000,0
104.09,101.59,22749.983999999975,1000,0
104.09,96.0,11907.993600000014,1000,0
104.09,104.09,989.9712000000164,1000,0
104.09,104.09,200.96640000000434,1000,0
31.0,9.99,295623.9936,1000,0
31.0,10.49,173895.98400000003,1000,0
31.0,30.0,104608.97280000002,1000,0
31.0,21.64,79280.98559999999,1000,0
31.0,22.88,512.0063999999701,1000,0
31.0,25.99,494.0351999999905,1000,0
31.0,28.99,482.02560000000005,1000,0
31.0,31.0,451.00799999996184,1000,0
31.0,31.0,320.9759999999733,1000,0
120.0,44.0,586384.9632,1000,0
120.0,75.0,521458.99199999997,1000,0
120.0,50.0,83616.0192,1000,0
120.0,55.0,83593.03680000002,1000,0
120.0,80.0,83578.00319999998,1000,0
120.0,77.0,78589.00800000003,1000,0
120.0,80.0,78568.01280000001,1000,0
120.0,85.0,78549.00479999997,1000,0
120.0,82.0,16419.023999999998,1000,0
120.0,85.0,2027.9807999999946,1000,0
120.0,90.0,2011.9967999999858,1000,0
120.0,110.0,1322.0064000000007,1000,0
120.0,115.0,329.0112000000221,1000,0
120.0,115.0,245.03040000002443,1000,0
120.0,118.0,235.0080000000048,1000,0
120.0,120.0,36.028799999971284,1000,0
127.5,113.0,2125.0079999999743,1000,0
127.5,100.0,1940.9760000000347,1000,0
127.5,110.0,1924.9920000000259,1000,0
127.5,125.0,224.03520000000583,1000,0
127.5,118.0,22.032000000010044,1000,0
127.5,127.5,6.99839999998062,1000,0
40.0,1.0,555726.0096,1000,0
40.0,2.5,546009.0336000001,1000,0
40.0,11.5,464863.0176,1000,0
40.0,5.01,359643.9744,1000,0
40.0,8.0,354229.9775999999,1000,0
40.0,10.0,354220.99199999997,1000,0
40.0,15.55,219168.02879999997,1000,0
40.0,31.5,213481.00799999997,1000,0
40.0,20.01,174916.02240000002,1000,0
40.0,25.55,165964.03200000004,1000,0
40.0,30.0,98666.03520000003,1000,0
40.0,35.0,6370.0127999999895,1000,0
40.0,35.0,47.00159999997027,1000,0
40.0,36.5,29.98079999997003,1000,0
40.0,40.0,3.023999999962257,1000,0
40.0,39.0,3.023999999962257,1000,0
127.5,50.0,272705.0112,1000,0
127.5,65.55,272522.016,1000,0
127.5,60.03,113518.97279999997,1000,0
127.5,62.76,113502.98879999996,1000,0
127.5,85.0,105860.99519999999,1000,0
127.5,100.0,91610.0064,1000,0
127.5,100.0,30198.00960000001,1000,0
127.5,115.55,30112.99200000002,1000,0
127.5,110.0,28151.020799999966,1000,0
127.5,120.0,28132.963199999976,1000,0
127.5,125.0,2654.9856000000004,1000,0
127.5,125.0,76.98240000001704,1000,0
127.5,127.5,34.04160000000047,1000,0
150.0,40.0,583553.9808,1000,0
150.0,42.0,224852.97599999997,1000,0
150.0,45.0,224429.0112,1000,0
150.0,50.0,200127.02399999998,1000,0
150.0,55.0,196784.9856,1000,0
150.0,60.0,196443.96480000002,1000,0
150.0,81.01,192163.96800000002,1000,0
150.0,80.0,191990.9952,1000,0
150.0,90.0,61234.96320000003,1000,0
150.0,95.0,29010.959999999995,1000,0
150.0,122.0,27560.995199999987,1000,0
150.0,100.0,26482.031999999963,1000,0
150.0,105.0,26440.991999999984,1000,0
150.0,110.0,26392.003199999966,1000,0
150.0,120.0,26318.995199999965,1000,0
150.0,130.0,26289.964799999976,1000,0
150.0,127.0,23139.043200000026,1000,0
150.0,140.0,20176.992000000002,1000,0
150.0,150.0,19084.982399999997,1000,0
150.0,150.0,17755.977600000013,1000,0
122.5,51.0,130655.03039999997,1000,0
122.5,52.0,130643.02079999998,1000,0
122.5,100.0,130622.02559999996,1000,0
122.5,75.0,46891.95839999999,1000,0
122.5,77.0,38306.995200000034,1000,0
122.5,115.0,37054.972799999996,1000,0
122.5,105.0,29766.00960000002,1000,0
122.5,122.5,24719.9904,1000,0
122.5,120.0,18117.04319999999,1000,0
122.5,60.0,602500.9824,1000,0
122.5,60.0,505065.02400000003,1000,0
122.5,61.0,416209.0176,1000,0
122.5,100.0,305028.0288,1000,0
122.5,63.0,245917.03680000003,1000,0
122.5,65.0,245909.0016,1000,0
122.5,67.0,245900.9664,1000,0
122.5,69.0,245893.01759999996,1000,0
122.5,71.0,245870.03519999998,1000,0
122.5,73.0,245856.9888,1000,0
122.5,75.0,245846.016,1000,0
122.5,77.99,245567.0304,1000,0
122.5,80.99,245553.984,1000,0
122.5,85.0,178227.04320000001,1000,0
122.5,90.0,52792.04159999998,1000,0
122.5,95.0,52782.01920000004,1000,0
122.5,101.0,52773.98399999999,1000,0
122.5,110.0,51026.02559999999,1000,0
122.5,106.0,47087.99999999999,1000,0
122.5,120.0,15736.982399999972,1000,0
122.5,120.0,6974.035200000006,1000,0
122.5,122.5,5241.024000000033,1000,0
89.88,55.0,429812.0064000001,1000,0
89.88,60.0,62596.97280000002,1000,0
89.88,60.0,35397.04320000001,1000,0
89.88,63.0,35387.020799999984,1000,0
89.88,62.0,14952.988799999968,1000,0
89.88,70.0,14938.992000000007,1000,0
89.88,88.88,10117.958399999974,1000,0
89.88,72.0,534.0383999999801,1000,0
89.88,75.0,522.9791999999691,1000,0
89.88,80.0,515.9807999999884,1000,0
89.88,85.0,508.98240000000783,1000,0
89.88,89.88,496.9728000000174,1000,0
90.01,50.0,596733.0048,1000,0
90.01,0.1,591963.984,1000,0
90.01,0.2,591942.9888,1000,0
90.01,1.0,591925.0176,1000,0
90.01,2.25,591449.9904,1000,0
90.01,2.75,591413.0112,1000,0
90.01,10.0,591033.024,1000,0
90.01,15.0,588366.9792,1000,0
90.01,20.0,588350.9952,1000,0
90.01,21.0,588159.0144,1000,0
90.01,25.0,578061.0144,1000,0
90.01,30.0,578028.0096,1000,0
90.01,35.0,577953.9648000001,1000,0
90.01,40.0,171625.99679999996,1000,0
90.01,45.0,171615.02399999998,1000,0
90.01,50.0,171599.9904,1000,0
90.01,61.0,55369.00799999997,1000,0
90.01,76.0,55356.99839999998,1000,0
90.01,90.0,49357.036799999994,1000,0
90.01,88.0,20729.00160000004,1000,0
90.01,90.01,965.0015999999795,1000,0
